INSERT INTO roles (uuid, created_by, updated_by, role_name)
VALUES ('d0bcb328-c89d-4cf5-add9-61bab97124f8', 'd0bcb328-c89d-4cf5-add9-61bab97124f8',
        'd0bcb328-c89d-4cf5-add9-61bab97124f8', 'ROLE_ADMIN'),
       ('160c8130-225a-4f52-8c7c-d1d17e129ac1', 'd0bcb328-c89d-4cf5-add9-61bab97124f8',
        'd0bcb328-c89d-4cf5-add9-61bab97124f8', 'ROLE_DOCTOR'),
       ('a643c1f1-5438-465d-9388-be8ed0614a21', 'd0bcb328-c89d-4cf5-add9-61bab97124f8',
        'd0bcb328-c89d-4cf5-add9-61bab97124f8', 'ROLE_SECRETARY'),
       ('b674bab6-e683-4c41-b403-4a25c7a482af', 'd0bcb328-c89d-4cf5-add9-61bab97124f8',
        'd0bcb328-c89d-4cf5-add9-61bab97124f8', 'ROLE_PATIENT'),
       ('4978675b-59d9-4d34-8556-4b59a7dab21b', 'd0bcb328-c89d-4cf5-add9-61bab97124f8',
        'd0bcb328-c89d-4cf5-add9-61bab97124f8', 'ROLE_PUBLIC');
INSERT INTO users (uuid, created_by, updated_by, email, password, username)
VALUES ('0f751493-b9b8-4a2f-91b1-6241fce07d2c', 'd0bcb328-c89d-4cf5-add9-61bab97124f8',
        'd0bcb328-c89d-4cf5-add9-61bab97124f8', 'admin@wp.pl',
        '$2a$10$PbLiLJZLq/332ZbErwPG/Ok7VWO8ve/UeWS0D3Oo/Qm5mPryLD/uO', 'admin'),
       ('3d58a2ae-a2fa-44d6-bfa0-aa258bd18e76', 'd0bcb328-c89d-4cf5-add9-61bab97124f8',
        'd0bcb328-c89d-4cf5-add9-61bab97124f8', 'doctor@wp.pl',
        '$2a$10$7CHFRj6KhAZwDcwMjlS7zec5IxpnlU7jVDiEv/nbCbC39geVifCU.', 'doctor'),
       ('df1d6dfb-9ecf-4923-9557-a240c30f23ec', 'd0bcb328-c89d-4cf5-add9-61bab97124f8',
        'd0bcb328-c89d-4cf5-add9-61bab97124f8', 'secretary@wp.pl',
        '$2a$10$hajUA5.9FlLdnod0ivu9l.xiCKMLzz3gkfaGuXINS0HwSFeK3aXHC', 'secretary'),
       ('c94706ea-7e26-4b1f-a8f8-d5bb4f9b3806', 'd0bcb328-c89d-4cf5-add9-61bab97124f8',
        'd0bcb328-c89d-4cf5-add9-61bab97124f8', 'patient@wp.pl',
        '$2a$10$fqlkjacmkpi2moS/yREamOjXhzGpzp3kYoME6.480YnCuzbnL0CGO', 'patient');
INSERT INTO user_roles (user_uuid, role_uuid)
VALUES ('0f751493-b9b8-4a2f-91b1-6241fce07d2c', 'd0bcb328-c89d-4cf5-add9-61bab97124f8'),
       ('3d58a2ae-a2fa-44d6-bfa0-aa258bd18e76', '160c8130-225a-4f52-8c7c-d1d17e129ac1'),
       ('df1d6dfb-9ecf-4923-9557-a240c30f23ec', 'a643c1f1-5438-465d-9388-be8ed0614a21'),
       ('c94706ea-7e26-4b1f-a8f8-d5bb4f9b3806', 'b674bab6-e683-4c41-b403-4a25c7a482af');
INSERT INTO company (uuid, created_by, updated_by, full_name, short_name, nip, regon, krs, account_number, province,
                     district, community, locality, street, street_no, flat_no, post_code, post, longitude, latitude)
VALUES ('70d38aec-7631-46bc-af92-438865a1b793', 'd0bcb328-c89d-4cf5-add9-61bab97124f8',
        'd0bcb328-c89d-4cf5-add9-61bab97124f8', 'full_name', 'short_name', 'nip', 'regon', 'krs',
        'account_number', 'province', 'district', 'community', 'locality', 'street', 'street_no', 'flat_no',
        '00-000', 'post', 1, 1);
INSERT INTO clinics (uuid, created_by, updated_by, company, province, district, community, locality, street, street_no,
                     flat_no, post_code, post, clinic_name, description, longitude, latitude)
VALUES ('45e6da6d-c858-4ee9-a535-e5b4f50b6e54', 'd0bcb328-c89d-4cf5-add9-61bab97124f8',
        'd0bcb328-c89d-4cf5-add9-61bab97124f8', '70d38aec-7631-46bc-af92-438865a1b793', 'province1', 'district1',
        'community1', 'locality1', 'street1',
        'streetNo1', 'flatNo1', '00-001', 'post1', 'name1', 'description1', 1, 1),
       ('f45ef247-e76c-45b5-85ae-163ca4e65316', 'd0bcb328-c89d-4cf5-add9-61bab97124f8',
        'd0bcb328-c89d-4cf5-add9-61bab97124f8', '70d38aec-7631-46bc-af92-438865a1b793', 'province2', 'district2',
        'community2', 'locality2', 'street2',
        'streetNo2', 'flatNo2', '00-002', 'post2', 'name2', 'description2', 1, 1),
       ('c9c138b1-d73b-4528-a628-dcc52d43435d', 'd0bcb328-c89d-4cf5-add9-61bab97124f8',
        'd0bcb328-c89d-4cf5-add9-61bab97124f8', '70d38aec-7631-46bc-af92-438865a1b793', 'province3', 'district3',
        'community3', 'locality3', 'street3',
        'streetNo3', 'flatNo3', '00-003', 'post3', 'name3', 'description3', 1, 1),
       ('587c048e-060c-479c-94a1-8d65ae63b369', 'd0bcb328-c89d-4cf5-add9-61bab97124f8',
        'd0bcb328-c89d-4cf5-add9-61bab97124f8', '70d38aec-7631-46bc-af92-438865a1b793', 'province4', 'district4',
        'community4', 'locality4', 'street4',
        'streetNo4', 'flatNo4', '00-004', 'post4', 'name4', 'description4', 1, 1);
INSERT INTO clinics_emails (uuid, created_by, updated_by, clinic, email, is_primary)
VALUES ('effcbd5c-16b0-44b9-b280-c15993ed987c', 'd0bcb328-c89d-4cf5-add9-61bab97124f8',
        'd0bcb328-c89d-4cf5-add9-61bab97124f8', '45e6da6d-c858-4ee9-a535-e5b4f50b6e54', 'email11@em.pl', true),
       ('832e8252-32a2-415c-9f1a-c1bde159b87a', 'd0bcb328-c89d-4cf5-add9-61bab97124f8',
        'd0bcb328-c89d-4cf5-add9-61bab97124f8', '45e6da6d-c858-4ee9-a535-e5b4f50b6e54', 'email12@em.pl', false),
       ('3688f702-92f7-4680-9617-424bf50fbc85', 'd0bcb328-c89d-4cf5-add9-61bab97124f8',
        'd0bcb328-c89d-4cf5-add9-61bab97124f8', 'f45ef247-e76c-45b5-85ae-163ca4e65316', 'email21@em.pl', true),
       ('a13f2064-1d45-43fb-a34a-f5530300e435', 'd0bcb328-c89d-4cf5-add9-61bab97124f8',
        'd0bcb328-c89d-4cf5-add9-61bab97124f8', 'f45ef247-e76c-45b5-85ae-163ca4e65316', 'email22@em.pl', false),
       ('a21c663e-f329-4375-98b2-df57251e4cb4', 'd0bcb328-c89d-4cf5-add9-61bab97124f8',
        'd0bcb328-c89d-4cf5-add9-61bab97124f8', 'c9c138b1-d73b-4528-a628-dcc52d43435d', 'email31@em.pl', true),
       ('860911fa-c753-412a-ae89-c86b7fbd9829', 'd0bcb328-c89d-4cf5-add9-61bab97124f8',
        'd0bcb328-c89d-4cf5-add9-61bab97124f8', 'c9c138b1-d73b-4528-a628-dcc52d43435d', 'email32@em.pl', false),
       ('b41e9b42-ab3d-40f1-9d44-92e33499cc07', 'd0bcb328-c89d-4cf5-add9-61bab97124f8',
        'd0bcb328-c89d-4cf5-add9-61bab97124f8', '587c048e-060c-479c-94a1-8d65ae63b369', 'email41@em.pl', true),
       ('20941fb8-cd1c-457f-854f-ceca9c866152', 'd0bcb328-c89d-4cf5-add9-61bab97124f8',
        'd0bcb328-c89d-4cf5-add9-61bab97124f8', '587c048e-060c-479c-94a1-8d65ae63b369', 'email42@em.pl', false);
INSERT INTO phone_types (uuid, created_by, updated_by, phone_type)
VALUES ('661f25a7-b2f3-4765-9cbd-b54eb15c1830', 'd0bcb328-c89d-4cf5-add9-61bab97124f8',
        'd0bcb328-c89d-4cf5-add9-61bab97124f8', 'Komórka'),
       ('d25734b0-3b40-41a5-9e94-4de4698c840a', 'd0bcb328-c89d-4cf5-add9-61bab97124f8',
        'd0bcb328-c89d-4cf5-add9-61bab97124f8', 'Stacjonarny');
INSERT INTO clinics_phones (uuid, created_by, updated_by, clinic, phone_type, phone, is_primary)
VALUES ('c41abfe7-93fb-4557-b802-4f6e5d0ace5c', 'd0bcb328-c89d-4cf5-add9-61bab97124f8',
        'd0bcb328-c89d-4cf5-add9-61bab97124f8', '45e6da6d-c858-4ee9-a535-e5b4f50b6e54',
        '661f25a7-b2f3-4765-9cbd-b54eb15c1830', '+48 00 000 000 11', true),
       ('a251107c-922a-4d83-9325-5b45c89099ba', 'd0bcb328-c89d-4cf5-add9-61bab97124f8',
        'd0bcb328-c89d-4cf5-add9-61bab97124f8', '45e6da6d-c858-4ee9-a535-e5b4f50b6e54',
        'd25734b0-3b40-41a5-9e94-4de4698c840a', '+48 00 000 000 12', false),
       ('0b73d612-f34a-41a1-9977-854eb139cc52', 'd0bcb328-c89d-4cf5-add9-61bab97124f8',
        'd0bcb328-c89d-4cf5-add9-61bab97124f8', 'f45ef247-e76c-45b5-85ae-163ca4e65316',
        '661f25a7-b2f3-4765-9cbd-b54eb15c1830', '+48 00 000 000 21', true),
       ('c85ba1e3-23c0-4919-9f5e-830284b95664', 'd0bcb328-c89d-4cf5-add9-61bab97124f8',
        'd0bcb328-c89d-4cf5-add9-61bab97124f8', 'f45ef247-e76c-45b5-85ae-163ca4e65316',
        'd25734b0-3b40-41a5-9e94-4de4698c840a', '+48 00 000 000 22', false),
       ('c21705e2-a9d4-4b07-80c1-fb5fc01a09b1', 'd0bcb328-c89d-4cf5-add9-61bab97124f8',
        'd0bcb328-c89d-4cf5-add9-61bab97124f8', 'c9c138b1-d73b-4528-a628-dcc52d43435d',
        '661f25a7-b2f3-4765-9cbd-b54eb15c1830', '+48 00 000 000 31', true),
       ('9a8d02c4-07dd-4ee5-836f-18268ed3c1f4', 'd0bcb328-c89d-4cf5-add9-61bab97124f8',
        'd0bcb328-c89d-4cf5-add9-61bab97124f8', 'c9c138b1-d73b-4528-a628-dcc52d43435d',
        'd25734b0-3b40-41a5-9e94-4de4698c840a', '+48 00 000 000 32', false),
       ('11be3528-dfcb-4174-a78a-74bbdf547c5d', 'd0bcb328-c89d-4cf5-add9-61bab97124f8',
        'd0bcb328-c89d-4cf5-add9-61bab97124f8', '587c048e-060c-479c-94a1-8d65ae63b369',
        '661f25a7-b2f3-4765-9cbd-b54eb15c1830', '+48 00 000 000 41', true),
       ('68f87caa-2188-44b8-a697-bed126cba8ac', 'd0bcb328-c89d-4cf5-add9-61bab97124f8',
        'd0bcb328-c89d-4cf5-add9-61bab97124f8', '587c048e-060c-479c-94a1-8d65ae63b369',
        'd25734b0-3b40-41a5-9e94-4de4698c840a', '+48 00 000 000 42', false);
INSERT INTO users_details (uuid, created_by, updated_by, user_uuid, first_name, second_name, last_name, pesel,
                           id_number, birth_day, nip)
VALUES ('d92bd5fa-7d13-4b6a-92c7-becedcef3956', 'd0bcb328-c89d-4cf5-add9-61bab97124f8',
        'd0bcb328-c89d-4cf5-add9-61bab97124f8', '0f751493-b9b8-4a2f-91b1-6241fce07d2c', 'admin', 'adminek',
        'adminowski', '00000000001',
        'XXX 000001', '2000-01-01', '0000000001'),
       ('0e71d289-28c5-493e-be7f-222281e0875b', 'd0bcb328-c89d-4cf5-add9-61bab97124f8',
        'd0bcb328-c89d-4cf5-add9-61bab97124f8', '3d58a2ae-a2fa-44d6-bfa0-aa258bd18e76', 'doktor', 'doktorek',
        'doktorowski', '00000000002',
        'XXX 000002', '2000-01-02', '0000000002'),
       ('f1b464a4-cf89-4b32-8ec0-a5158378b898', 'd0bcb328-c89d-4cf5-add9-61bab97124f8',
        'd0bcb328-c89d-4cf5-add9-61bab97124f8', 'df1d6dfb-9ecf-4923-9557-a240c30f23ec', 'sekretarka', 'sekretareczka',
        'sekretarowska', '00000000003',
        'XXX 000003', '2000-01-03', '0000000003'),
       ('9c255d7c-5df2-465b-a7e7-147be8f0337b', 'd0bcb328-c89d-4cf5-add9-61bab97124f8',
        'd0bcb328-c89d-4cf5-add9-61bab97124f8', 'c94706ea-7e26-4b1f-a8f8-d5bb4f9b3806', 'pacjent', 'pacjentek',
        'pacjentowski', '00000000004',
        'XXX 000004', '2000-01-04', '0000000004');
