INSERT INTO roles (uuid, created_by, updated_by, role_name)
VALUES ('d0bcb328-c89d-4cf5-add9-61bab97124f8', 'd0bcb328-c89d-4cf5-add9-61bab97124f8',
        'd0bcb328-c89d-4cf5-add9-61bab97124f8', 'ROLE_ADMIN'),
       ('160c8130-225a-4f52-8c7c-d1d17e129ac1', 'd0bcb328-c89d-4cf5-add9-61bab97124f8',
        'd0bcb328-c89d-4cf5-add9-61bab97124f8', 'ROLE_DOCTOR'),
       ('a643c1f1-5438-465d-9388-be8ed0614a21', 'd0bcb328-c89d-4cf5-add9-61bab97124f8',
        'd0bcb328-c89d-4cf5-add9-61bab97124f8', 'ROLE_SECRETARY'),
       ('b674bab6-e683-4c41-b403-4a25c7a482af', 'd0bcb328-c89d-4cf5-add9-61bab97124f8',
        'd0bcb328-c89d-4cf5-add9-61bab97124f8', 'ROLE_PATIENT'),
       ('4978675b-59d9-4d34-8556-4b59a7dab21b', 'd0bcb328-c89d-4cf5-add9-61bab97124f8',
        'd0bcb328-c89d-4cf5-add9-61bab97124f8', 'ROLE_PUBLIC');
INSERT INTO users (uuid, created_by, updated_by, email, password, username)
VALUES ('0f751493-b9b8-4a2f-91b1-6241fce07d2c', 'd0bcb328-c89d-4cf5-add9-61bab97124f8',
        'd0bcb328-c89d-4cf5-add9-61bab97124f8', 'admin@wp.pl',
        '$2a$10$PbLiLJZLq/332ZbErwPG/Ok7VWO8ve/UeWS0D3Oo/Qm5mPryLD/uO', 'admin'),
       ('3d58a2ae-a2fa-44d6-bfa0-aa258bd18e76', 'd0bcb328-c89d-4cf5-add9-61bab97124f8',
        'd0bcb328-c89d-4cf5-add9-61bab97124f8', 'doctor@wp.pl',
        '$2a$10$7CHFRj6KhAZwDcwMjlS7zec5IxpnlU7jVDiEv/nbCbC39geVifCU.', 'doctor'),
       ('df1d6dfb-9ecf-4923-9557-a240c30f23ec', 'd0bcb328-c89d-4cf5-add9-61bab97124f8',
        'd0bcb328-c89d-4cf5-add9-61bab97124f8', 'secretary@wp.pl',
        '$2a$10$hajUA5.9FlLdnod0ivu9l.xiCKMLzz3gkfaGuXINS0HwSFeK3aXHC', 'secretary'),
       ('c94706ea-7e26-4b1f-a8f8-d5bb4f9b3806', 'd0bcb328-c89d-4cf5-add9-61bab97124f8',
        'd0bcb328-c89d-4cf5-add9-61bab97124f8', 'patient@wp.pl',
        '$2a$10$fqlkjacmkpi2moS/yREamOjXhzGpzp3kYoME6.480YnCuzbnL0CGO', 'patient'),
       ('ef0b6201-9438-4bc3-85ee-98650bae0a6f', 'd0bcb328-c89d-4cf5-add9-61bab97124f8',
        'd0bcb328-c89d-4cf5-add9-61bab97124f8', 'doctor2@wp.pl',
        '$2a$10$7CHFRj6KhAZwDcwMjlS7zec5IxpnlU7jVDiEv/nbCbC39geVifCU.', 'doctor2'),
       ('b9e579d3-0ed5-4f87-851c-9cffe9d061be', 'd0bcb328-c89d-4cf5-add9-61bab97124f8',
        'd0bcb328-c89d-4cf5-add9-61bab97124f8', 'doctor3@wp.pl',
        '$2a$10$7CHFRj6KhAZwDcwMjlS7zec5IxpnlU7jVDiEv/nbCbC39geVifCU.', 'doctor3'),
       ('9ea26d96-63e3-4b60-a8ec-47f030fbd9bc', 'd0bcb328-c89d-4cf5-add9-61bab97124f8',
        'd0bcb328-c89d-4cf5-add9-61bab97124f8', 'doctor4@wp.pl',
        '$2a$10$7CHFRj6KhAZwDcwMjlS7zec5IxpnlU7jVDiEv/nbCbC39geVifCU.', 'doctor4'),
       ('2283a593-3a68-4585-82b0-f1ad9b5e7a6b', 'd0bcb328-c89d-4cf5-add9-61bab97124f8',
        'd0bcb328-c89d-4cf5-add9-61bab97124f8', 'patient1@wp.pl',
        '$2a$10$7CHFRj6KhAZwDcwMjlS7zec5IxpnlU7jVDiEv/nbCbC39geVifCU.', 'patient1'),
       ('52ae8477-3f9d-4351-aa6a-ff84badfdd04', 'd0bcb328-c89d-4cf5-add9-61bab97124f8',
        'd0bcb328-c89d-4cf5-add9-61bab97124f8', 'patient2@wp.pl',
        '$2a$10$7CHFRj6KhAZwDcwMjlS7zec5IxpnlU7jVDiEv/nbCbC39geVifCU.', 'patient2'),
       ('e29ff1a2-26a7-4897-bede-69622d5cfe5e', 'd0bcb328-c89d-4cf5-add9-61bab97124f8',
        'd0bcb328-c89d-4cf5-add9-61bab97124f8', 'patient3@wp.pl',
        '$2a$10$7CHFRj6KhAZwDcwMjlS7zec5IxpnlU7jVDiEv/nbCbC39geVifCU.', 'patient3'),
       ('f4bc75ab-cac7-4e48-8a6c-6099d33cef9c', 'd0bcb328-c89d-4cf5-add9-61bab97124f8',
        'd0bcb328-c89d-4cf5-add9-61bab97124f8', 'patient4@wp.pl',
        '$2a$10$7CHFRj6KhAZwDcwMjlS7zec5IxpnlU7jVDiEv/nbCbC39geVifCU.', 'patient4'),
       ('97ecdf66-112d-4243-b93f-0e33fae20d30', 'd0bcb328-c89d-4cf5-add9-61bab97124f8',
        'd0bcb328-c89d-4cf5-add9-61bab97124f8', 'patient5@wp.pl',
        '$2a$10$7CHFRj6KhAZwDcwMjlS7zec5IxpnlU7jVDiEv/nbCbC39geVifCU.', 'patient5'),
       ('e552148d-84a4-43cb-812e-d8913c857e91', 'd0bcb328-c89d-4cf5-add9-61bab97124f8',
        'd0bcb328-c89d-4cf5-add9-61bab97124f8', 'patient6@wp.pl',
        '$2a$10$7CHFRj6KhAZwDcwMjlS7zec5IxpnlU7jVDiEv/nbCbC39geVifCU.', 'patient6'),
       ('be05bade-dab5-493d-add0-9c71ed75441e', 'd0bcb328-c89d-4cf5-add9-61bab97124f8',
        'd0bcb328-c89d-4cf5-add9-61bab97124f8', 'patient7@wp.pl',
        '$2a$10$7CHFRj6KhAZwDcwMjlS7zec5IxpnlU7jVDiEv/nbCbC39geVifCU.', 'patient7'),
       ('04980481-c840-4ec2-aeca-d2c06014b65c', 'd0bcb328-c89d-4cf5-add9-61bab97124f8',
        'd0bcb328-c89d-4cf5-add9-61bab97124f8', 'patient8@wp.pl',
        '$2a$10$7CHFRj6KhAZwDcwMjlS7zec5IxpnlU7jVDiEv/nbCbC39geVifCU.', 'patient8'),
       ('6f4a3f7e-136a-42b2-ac98-b821c29443bf', 'd0bcb328-c89d-4cf5-add9-61bab97124f8',
        'd0bcb328-c89d-4cf5-add9-61bab97124f8', 'patient9@wp.pl',
        '$2a$10$7CHFRj6KhAZwDcwMjlS7zec5IxpnlU7jVDiEv/nbCbC39geVifCU.', 'patient9');
INSERT INTO user_roles (user_uuid, role_uuid)
VALUES ('0f751493-b9b8-4a2f-91b1-6241fce07d2c', 'd0bcb328-c89d-4cf5-add9-61bab97124f8'),
       ('3d58a2ae-a2fa-44d6-bfa0-aa258bd18e76', '160c8130-225a-4f52-8c7c-d1d17e129ac1'),
       ('df1d6dfb-9ecf-4923-9557-a240c30f23ec', 'a643c1f1-5438-465d-9388-be8ed0614a21'),
       ('c94706ea-7e26-4b1f-a8f8-d5bb4f9b3806', 'b674bab6-e683-4c41-b403-4a25c7a482af'),
       ('ef0b6201-9438-4bc3-85ee-98650bae0a6f', '160c8130-225a-4f52-8c7c-d1d17e129ac1'),
       ('b9e579d3-0ed5-4f87-851c-9cffe9d061be', '160c8130-225a-4f52-8c7c-d1d17e129ac1'),
       ('9ea26d96-63e3-4b60-a8ec-47f030fbd9bc', '160c8130-225a-4f52-8c7c-d1d17e129ac1'),
       ('2283a593-3a68-4585-82b0-f1ad9b5e7a6b', 'b674bab6-e683-4c41-b403-4a25c7a482af'),
       ('52ae8477-3f9d-4351-aa6a-ff84badfdd04', 'b674bab6-e683-4c41-b403-4a25c7a482af'),
       ('e29ff1a2-26a7-4897-bede-69622d5cfe5e', 'b674bab6-e683-4c41-b403-4a25c7a482af'),
       ('f4bc75ab-cac7-4e48-8a6c-6099d33cef9c', 'b674bab6-e683-4c41-b403-4a25c7a482af'),
       ('97ecdf66-112d-4243-b93f-0e33fae20d30', 'b674bab6-e683-4c41-b403-4a25c7a482af'),
       ('e552148d-84a4-43cb-812e-d8913c857e91', 'b674bab6-e683-4c41-b403-4a25c7a482af'),
       ('be05bade-dab5-493d-add0-9c71ed75441e', 'b674bab6-e683-4c41-b403-4a25c7a482af'),
       ('04980481-c840-4ec2-aeca-d2c06014b65c', 'b674bab6-e683-4c41-b403-4a25c7a482af'),
       ('6f4a3f7e-136a-42b2-ac98-b821c29443bf', 'b674bab6-e683-4c41-b403-4a25c7a482af');
INSERT INTO company (uuid, created_by, updated_by, full_name, short_name, nip, regon, krs, account_number, province,
                     district, community, locality, street, street_no, flat_no, post_code, post, longitude, latitude)
VALUES ('70d38aec-7631-46bc-af92-438865a1b793', 'd0bcb328-c89d-4cf5-add9-61bab97124f8',
        'd0bcb328-c89d-4cf5-add9-61bab97124f8', 'Ekskluzywne Centra Zdrowotne', 'Exclusive Clinics', '001-252-01-33',
        '001555404', '2055244211', '55102065754455664412135432', 'Mazowieckie', 'Warszawa', 'Warszawa', 'Warszawa',
        'Zdrowa', '007', '1', '01-007', 'Warszawa', 52, 21);
INSERT INTO company_emails (uuid, created_by, updated_by, company, email, is_primary)
VALUES ('ef4befb8-b2ed-11ed-afa1-0242ac120002', 'd0bcb328-c89d-4cf5-add9-61bab97124f8',
        'd0bcb328-c89d-4cf5-add9-61bab97124f8', '70d38aec-7631-46bc-af92-438865a1b793',
        'bok.ecz@exclusive.pl', true),
       ('b4c87868-b2f0-11ed-afa1-0242ac120002', 'd0bcb328-c89d-4cf5-add9-61bab97124f8',
        'd0bcb328-c89d-4cf5-add9-61bab97124f8', '70d38aec-7631-46bc-af92-438865a1b793',
        'kontakt.ecz@exclusive.pl', true),
       ('f3fd3abe-b2f0-11ed-afa1-0242ac120002', 'd0bcb328-c89d-4cf5-add9-61bab97124f8',
        'd0bcb328-c89d-4cf5-add9-61bab97124f8', '70d38aec-7631-46bc-af92-438865a1b793',
        'biuro.ecz@exclusive.pl', true);
INSERT INTO phone_types (uuid, created_by, updated_by, phone_type)
VALUES ('661f25a7-b2f3-4765-9cbd-b54eb15c1830', 'd0bcb328-c89d-4cf5-add9-61bab97124f8',
        'd0bcb328-c89d-4cf5-add9-61bab97124f8', 'Komórkowy'),
       ('d25734b0-3b40-41a5-9e94-4de4698c840a', 'd0bcb328-c89d-4cf5-add9-61bab97124f8',
        'd0bcb328-c89d-4cf5-add9-61bab97124f8', 'Stacjonarny'),
       ('c594263e-b385-11ed-afa1-0242ac120002', 'd0bcb328-c89d-4cf5-add9-61bab97124f8',
        'd0bcb328-c89d-4cf5-add9-61bab97124f8', 'Centrala, Recepcja'),
       ('d610e150-b385-11ed-afa1-0242ac120002', 'd0bcb328-c89d-4cf5-add9-61bab97124f8',
        'd0bcb328-c89d-4cf5-add9-61bab97124f8', 'Centrala, Biuro Obsługi Klienta'),
       ('eb189e30-b385-11ed-afa1-0242ac120002', 'd0bcb328-c89d-4cf5-add9-61bab97124f8',
        'd0bcb328-c89d-4cf5-add9-61bab97124f8', 'Centrala, Biuro Reklamy');
INSERT INTO company_phones (uuid, created_by, updated_by, company, phone_type, phone, is_primary)
VALUES ('f19b05ae-b385-11ed-afa1-0242ac120002', 'd0bcb328-c89d-4cf5-add9-61bab97124f8',
        'd0bcb328-c89d-4cf5-add9-61bab97124f8', '70d38aec-7631-46bc-af92-438865a1b793',
        'c594263e-b385-11ed-afa1-0242ac120002', '+48 22 022 00 01', true),
       ('48e7b0c8-b354-11ed-afa1-0242ac120002', 'd0bcb328-c89d-4cf5-add9-61bab97124f8',
        'd0bcb328-c89d-4cf5-add9-61bab97124f8', '70d38aec-7631-46bc-af92-438865a1b793',
        'd610e150-b385-11ed-afa1-0242ac120002', '+48 22 022 00 01', true),
       ('1cda37da-b386-11ed-afa1-0242ac120002', 'd0bcb328-c89d-4cf5-add9-61bab97124f8',
        'd0bcb328-c89d-4cf5-add9-61bab97124f8', '70d38aec-7631-46bc-af92-438865a1b793',
        'eb189e30-b385-11ed-afa1-0242ac120002', '+48 22 022 00 01', true);
INSERT INTO clinics (uuid, created_by, updated_by, company, province, district, community, locality, street, street_no,
                     flat_no, post_code, post, clinic_name, description, longitude, latitude)
VALUES ('45e6da6d-c858-4ee9-a535-e5b4f50b6e54', 'd0bcb328-c89d-4cf5-add9-61bab97124f8',
        'd0bcb328-c89d-4cf5-add9-61bab97124f8', '70d38aec-7631-46bc-af92-438865a1b793', 'Lubelskie', 'Zamość', 'Zamość',
        'Zamość', 'Piękna', '12', '/14', '22-400', 'Zamość', 'Zamojskie Centrum Zdrowia', 'General practice, Emergency,
        Clinical Psychiatry & Psychology', 50, 23),
       ('f45ef247-e76c-45b5-85ae-163ca4e65316', 'd0bcb328-c89d-4cf5-add9-61bab97124f8',
        'd0bcb328-c89d-4cf5-add9-61bab97124f8', '70d38aec-7631-46bc-af92-438865a1b793', 'Dolnośląskie', 'Wrocław',
        'Wrocław', 'Wrocław', 'Przyjazna', '2', 'lok.1-20', '50-500', 'Wrocław', 'Wrocławskie Centrum Zdrowia',
        'General practice, Emergency, Preventive Medicine, Allergy & Immunology', 51, 17),
       ('c9c138b1-d73b-4528-a628-dcc52d43435d', 'd0bcb328-c89d-4cf5-add9-61bab97124f8',
        'd0bcb328-c89d-4cf5-add9-61bab97124f8', '70d38aec-7631-46bc-af92-438865a1b793', 'Pomorskie', 'Gdynia', 'Gdynia',
        'Gdynia', 'Lecznicza', '8', 'A-D', '81-200', 'Gdynia', 'Gdyńskie Centrum Zdrowotne', 'General practice,
        Emergency, Genetics, Nuclear Medicine, Diagnostic Radiology', 54, 18),
       ('587c048e-060c-479c-94a1-8d65ae63b369', 'd0bcb328-c89d-4cf5-add9-61bab97124f8',
        'd0bcb328-c89d-4cf5-add9-61bab97124f8', '70d38aec-7631-46bc-af92-438865a1b793', 'Łódzkie',
        'Tomaszów Mazowiecki', 'Tomaszów Mazowiecki', 'Tomaszów Mazowiecki', 'Uzdrowiskowa', '4', '', '97-205',
        'Tomaszów Mazowiecki', 'Tomaszowskie Centrum Zdrowotne', 'General practice, Neurology, Obstetrics and
        Gynecology, Urology, Anesthesiology, Surgery ', 51, 20);
INSERT INTO clinics_emails (uuid, created_by, updated_by, clinic, email, is_primary)
VALUES ('effcbd5c-16b0-44b9-b280-c15993ed987c', 'd0bcb328-c89d-4cf5-add9-61bab97124f8',
        'd0bcb328-c89d-4cf5-add9-61bab97124f8', '45e6da6d-c858-4ee9-a535-e5b4f50b6e54',
        'zamojski.hc@exclusive.pl', true),
       ('832e8252-32a2-415c-9f1a-c1bde159b87a', 'd0bcb328-c89d-4cf5-add9-61bab97124f8',
        'd0bcb328-c89d-4cf5-add9-61bab97124f8', '45e6da6d-c858-4ee9-a535-e5b4f50b6e54',
        'zamojski.hc.internal@exclusive.pl', false),
       ('3688f702-92f7-4680-9617-424bf50fbc85', 'd0bcb328-c89d-4cf5-add9-61bab97124f8',
        'd0bcb328-c89d-4cf5-add9-61bab97124f8', 'f45ef247-e76c-45b5-85ae-163ca4e65316',
        'wroclaw.hc@exclusive.pl', true),
       ('a13f2064-1d45-43fb-a34a-f5530300e435', 'd0bcb328-c89d-4cf5-add9-61bab97124f8',
        'd0bcb328-c89d-4cf5-add9-61bab97124f8', 'f45ef247-e76c-45b5-85ae-163ca4e65316',
        'wroclaw.hc.internal@exclusive.pl', false),
       ('a21c663e-f329-4375-98b2-df57251e4cb4', 'd0bcb328-c89d-4cf5-add9-61bab97124f8',
        'd0bcb328-c89d-4cf5-add9-61bab97124f8', 'c9c138b1-d73b-4528-a628-dcc52d43435d',
        'gdynia.hc@exclusive.pl', true),
       ('860911fa-c753-412a-ae89-c86b7fbd9829', 'd0bcb328-c89d-4cf5-add9-61bab97124f8',
        'd0bcb328-c89d-4cf5-add9-61bab97124f8', 'c9c138b1-d73b-4528-a628-dcc52d43435d',
        'gdynia.hc.internal@exclusive.pl', false),
       ('b41e9b42-ab3d-40f1-9d44-92e33499cc07', 'd0bcb328-c89d-4cf5-add9-61bab97124f8',
        'd0bcb328-c89d-4cf5-add9-61bab97124f8', '587c048e-060c-479c-94a1-8d65ae63b369',
        'tomaszow.maz.hc@exclusive.pl', true),
       ('20941fb8-cd1c-457f-854f-ceca9c866152', 'd0bcb328-c89d-4cf5-add9-61bab97124f8',
        'd0bcb328-c89d-4cf5-add9-61bab97124f8', '587c048e-060c-479c-94a1-8d65ae63b369',
        'tomaszow.maz.hc.internal@exclusive.pl', false);
INSERT INTO clinics_phones (uuid, created_by, updated_by, clinic, phone_type, phone, is_primary)
VALUES ('c41abfe7-93fb-4557-b802-4f6e5d0ace5c', 'd0bcb328-c89d-4cf5-add9-61bab97124f8',
        'd0bcb328-c89d-4cf5-add9-61bab97124f8', '45e6da6d-c858-4ee9-a535-e5b4f50b6e54',
        '661f25a7-b2f3-4765-9cbd-b54eb15c1830', '+48 00 000 000 11', true),
       ('a251107c-922a-4d83-9325-5b45c89099ba', 'd0bcb328-c89d-4cf5-add9-61bab97124f8',
        'd0bcb328-c89d-4cf5-add9-61bab97124f8', '45e6da6d-c858-4ee9-a535-e5b4f50b6e54',
        'd25734b0-3b40-41a5-9e94-4de4698c840a', '+48 00 000 000 12', false),
       ('0b73d612-f34a-41a1-9977-854eb139cc52', 'd0bcb328-c89d-4cf5-add9-61bab97124f8',
        'd0bcb328-c89d-4cf5-add9-61bab97124f8', 'f45ef247-e76c-45b5-85ae-163ca4e65316',
        '661f25a7-b2f3-4765-9cbd-b54eb15c1830', '+48 00 000 000 21', true),
       ('c85ba1e3-23c0-4919-9f5e-830284b95664', 'd0bcb328-c89d-4cf5-add9-61bab97124f8',
        'd0bcb328-c89d-4cf5-add9-61bab97124f8', 'f45ef247-e76c-45b5-85ae-163ca4e65316',
        'd25734b0-3b40-41a5-9e94-4de4698c840a', '+48 00 000 000 22', false),
       ('c21705e2-a9d4-4b07-80c1-fb5fc01a09b1', 'd0bcb328-c89d-4cf5-add9-61bab97124f8',
        'd0bcb328-c89d-4cf5-add9-61bab97124f8', 'c9c138b1-d73b-4528-a628-dcc52d43435d',
        '661f25a7-b2f3-4765-9cbd-b54eb15c1830', '+48 00 000 000 31', true),
       ('9a8d02c4-07dd-4ee5-836f-18268ed3c1f4', 'd0bcb328-c89d-4cf5-add9-61bab97124f8',
        'd0bcb328-c89d-4cf5-add9-61bab97124f8', 'c9c138b1-d73b-4528-a628-dcc52d43435d',
        'd25734b0-3b40-41a5-9e94-4de4698c840a', '+48 00 000 000 32', false),
       ('11be3528-dfcb-4174-a78a-74bbdf547c5d', 'd0bcb328-c89d-4cf5-add9-61bab97124f8',
        'd0bcb328-c89d-4cf5-add9-61bab97124f8', '587c048e-060c-479c-94a1-8d65ae63b369',
        '661f25a7-b2f3-4765-9cbd-b54eb15c1830', '+48 00 000 000 41', true),
       ('68f87caa-2188-44b8-a697-bed126cba8ac', 'd0bcb328-c89d-4cf5-add9-61bab97124f8',
        'd0bcb328-c89d-4cf5-add9-61bab97124f8', '587c048e-060c-479c-94a1-8d65ae63b369',
        'd25734b0-3b40-41a5-9e94-4de4698c840a', '+48 00 000 000 42', false);
INSERT INTO users_details (uuid, created_by, updated_by, user_uuid, first_name, second_name, last_name, pesel,
                           id_number, birth_day, nip)
VALUES ('d92bd5fa-7d13-4b6a-92c7-becedcef3956', 'd0bcb328-c89d-4cf5-add9-61bab97124f8',
        'd0bcb328-c89d-4cf5-add9-61bab97124f8', '0f751493-b9b8-4a2f-91b1-6241fce07d2c', 'Jan', 'Jerzy', 'Admin',
        '00000000001', 'XXX 000001', '1969-01-01', '7710000001'),
       ('0e71d289-28c5-493e-be7f-222281e0875b', 'd0bcb328-c89d-4cf5-add9-61bab97124f8',
        'd0bcb328-c89d-4cf5-add9-61bab97124f8', '3d58a2ae-a2fa-44d6-bfa0-aa258bd18e76', 'Krzysztof', 'Marian',
        'Doktor', '00000000002', 'XXX 000002', '1972-05-02', '7710000002'),
       ('f1b464a4-cf89-4b32-8ec0-a5158378b898', 'd0bcb328-c89d-4cf5-add9-61bab97124f8',
        'd0bcb328-c89d-4cf5-add9-61bab97124f8', 'df1d6dfb-9ecf-4923-9557-a240c30f23ec', 'Janina', 'Marta',
        'Sekretarka', '00000000003', 'XXX 000003', '1982-08-03', '7710000003'),
       ('9c255d7c-5df2-465b-a7e7-147be8f0337b', 'd0bcb328-c89d-4cf5-add9-61bab97124f8',
        'd0bcb328-c89d-4cf5-add9-61bab97124f8', 'c94706ea-7e26-4b1f-a8f8-d5bb4f9b3806', 'Bożydar', 'Honoriusz',
        'Pacjent', '00000000004', 'XXX 000004', '1979-11-04', '7710000004'),
       ('ef0b6201-9438-4bc3-85ee-98650bae0a6f', 'd0bcb328-c89d-4cf5-add9-61bab97124f8',
        'd0bcb328-c89d-4cf5-add9-61bab97124f8', 'ef0b6201-9438-4bc3-85ee-98650bae0a6f', 'Aleksander', null,
        'Doktor2', '00000000005', 'XXX 000005', '1934-09-05', '7710000005'),
       ('b9e579d3-0ed5-4f87-851c-9cffe9d061be', 'd0bcb328-c89d-4cf5-add9-61bab97124f8',
        'd0bcb328-c89d-4cf5-add9-61bab97124f8', 'b9e579d3-0ed5-4f87-851c-9cffe9d061be', 'Grzegorz', 'Michał',
        'Doktor3', '00000000006', 'XXX 000006', '2011-09-06', '7710000006'),
       ('9ea26d96-63e3-4b60-a8ec-47f030fbd9bc', 'd0bcb328-c89d-4cf5-add9-61bab97124f8',
        'd0bcb328-c89d-4cf5-add9-61bab97124f8', '9ea26d96-63e3-4b60-a8ec-47f030fbd9bc', 'Franciszek', 'Czesław',
        'Doktor4', '00000000007', 'XXX 000007', '2011-09-07', '7710000007'),
       ('2283a593-3a68-4585-82b0-f1ad9b5e7a6b', 'd0bcb328-c89d-4cf5-add9-61bab97124f8',
        'd0bcb328-c89d-4cf5-add9-61bab97124f8', '2283a593-3a68-4585-82b0-f1ad9b5e7a6b', 'Maria', 'Anna',
        'Pacjent1', '00000000008', 'XXX 000008', '1979-11-08', '7710000008'),
       ('52ae8477-3f9d-4351-aa6a-ff84badfdd04', 'd0bcb328-c89d-4cf5-add9-61bab97124f8',
        'd0bcb328-c89d-4cf5-add9-61bab97124f8', '52ae8477-3f9d-4351-aa6a-ff84badfdd04', 'Grażyna', null,
        'Pacjent2', '00000000009', 'XXX 000009', '1979-11-09', '7710000009'),
       ('e29ff1a2-26a7-4897-bede-69622d5cfe5e', 'd0bcb328-c89d-4cf5-add9-61bab97124f8',
        'd0bcb328-c89d-4cf5-add9-61bab97124f8', 'e29ff1a2-26a7-4897-bede-69622d5cfe5e', 'Joanna', 'Ewelina',
        'Pacjent3', '00000000010', 'XXX 000010', '1979-11-10', '7710000010'),
       ('f4bc75ab-cac7-4e48-8a6c-6099d33cef9c', 'd0bcb328-c89d-4cf5-add9-61bab97124f8',
        'd0bcb328-c89d-4cf5-add9-61bab97124f8', 'f4bc75ab-cac7-4e48-8a6c-6099d33cef9c', 'Krystyka', 'Hanna',
        'Pacjent4', '00000000011', 'XXX 000011', '1979-11-11', '7710000011'),
       ('97ecdf66-112d-4243-b93f-0e33fae20d30', 'd0bcb328-c89d-4cf5-add9-61bab97124f8',
        'd0bcb328-c89d-4cf5-add9-61bab97124f8', '97ecdf66-112d-4243-b93f-0e33fae20d30', 'Patrycja', 'Beata',
        'Pacjent5', '00000000012', 'XXX 000012', '1979-11-12', '7710000012'),
       ('e552148d-84a4-43cb-812e-d8913c857e91', 'd0bcb328-c89d-4cf5-add9-61bab97124f8',
        'd0bcb328-c89d-4cf5-add9-61bab97124f8', 'e552148d-84a4-43cb-812e-d8913c857e91', 'Maksymilian', null,
        'Pacjent6', '00000000013', 'XXX 000013', '1979-11-13', '7710000013'),
       ('be05bade-dab5-493d-add0-9c71ed75441e', 'd0bcb328-c89d-4cf5-add9-61bab97124f8',
        'd0bcb328-c89d-4cf5-add9-61bab97124f8', 'be05bade-dab5-493d-add0-9c71ed75441e', 'Benedykt', null,
        'Pacjent7', '00000000014', 'XXX 000014', '1979-11-14', '7710000014'),
       ('04980481-c840-4ec2-aeca-d2c06014b65c', 'd0bcb328-c89d-4cf5-add9-61bab97124f8',
        'd0bcb328-c89d-4cf5-add9-61bab97124f8', '04980481-c840-4ec2-aeca-d2c06014b65c', 'Czesław', 'Alojzy',
        'Pacjent8', '00000000015', 'XXX 000015', '1979-11-15', '7710000015'),
       ('6f4a3f7e-136a-42b2-ac98-b821c29443bf', 'd0bcb328-c89d-4cf5-add9-61bab97124f8',
        'd0bcb328-c89d-4cf5-add9-61bab97124f8', '6f4a3f7e-136a-42b2-ac98-b821c29443bf', 'Barnaba', 'Wacław',
        'Pacjent9', '00000000016', 'XXX 000016', '1979-11-16', '7710000016');
INSERT INTO appointments (uuid, created_by, updated_by, patient, doctor, clinic, description, recommendations,
                          sick_leave, prescription, referral)
VALUES ('c50fc149-83de-401d-ba45-15497de8bb20', 'd0bcb328-c89d-4cf5-add9-61bab97124f8',
        'd0bcb328-c89d-4cf5-add9-61bab97124f8', 'c94706ea-7e26-4b1f-a8f8-d5bb4f9b3806',
        '3d58a2ae-a2fa-44d6-bfa0-aa258bd18e76', 'f45ef247-e76c-45b5-85ae-163ca4e65316', 'description1',
        'recommendations1', null, null, null),
       ('a97cd9df-1bd0-44b9-917b-ac58ad9be46b', 'd0bcb328-c89d-4cf5-add9-61bab97124f8',
        'd0bcb328-c89d-4cf5-add9-61bab97124f8', '2283a593-3a68-4585-82b0-f1ad9b5e7a6b',
        '3d58a2ae-a2fa-44d6-bfa0-aa258bd18e76', 'f45ef247-e76c-45b5-85ae-163ca4e65316', 'description2',
        'recommendations2', null, null, null),
       ('7024de11-7efc-4bb4-8655-3103762bbc5a', 'd0bcb328-c89d-4cf5-add9-61bab97124f8',
        'd0bcb328-c89d-4cf5-add9-61bab97124f8', '52ae8477-3f9d-4351-aa6a-ff84badfdd04',
        '3d58a2ae-a2fa-44d6-bfa0-aa258bd18e76', 'f45ef247-e76c-45b5-85ae-163ca4e65316', 'description3',
        'recommendations3', null, null, null),
       ('aedf0f6d-20be-487d-9725-bf091ff2bf6a', 'd0bcb328-c89d-4cf5-add9-61bab97124f8',
        'd0bcb328-c89d-4cf5-add9-61bab97124f8', 'e29ff1a2-26a7-4897-bede-69622d5cfe5e',
        '3d58a2ae-a2fa-44d6-bfa0-aa258bd18e76', 'f45ef247-e76c-45b5-85ae-163ca4e65316', 'description4',
        'recommendations4', null, null, null),
       ('8b84920a-64ab-49ab-b661-4436f349a244', 'd0bcb328-c89d-4cf5-add9-61bab97124f8',
        'd0bcb328-c89d-4cf5-add9-61bab97124f8', 'f4bc75ab-cac7-4e48-8a6c-6099d33cef9c',
        '3d58a2ae-a2fa-44d6-bfa0-aa258bd18e76', 'f45ef247-e76c-45b5-85ae-163ca4e65316', 'description5',
        'recommendations5', null, null, null),
       ('b8b3d6a6-da48-4371-8307-f2790b2e1bdc', 'd0bcb328-c89d-4cf5-add9-61bab97124f8',
        'd0bcb328-c89d-4cf5-add9-61bab97124f8', '97ecdf66-112d-4243-b93f-0e33fae20d30',
        '3d58a2ae-a2fa-44d6-bfa0-aa258bd18e76', 'f45ef247-e76c-45b5-85ae-163ca4e65316', 'description6',
        'recommendations6', null, null, null),
       ('225453a0-03e2-4dc4-99b9-49d73daae199', 'd0bcb328-c89d-4cf5-add9-61bab97124f8',
        'd0bcb328-c89d-4cf5-add9-61bab97124f8', 'e552148d-84a4-43cb-812e-d8913c857e91',
        '3d58a2ae-a2fa-44d6-bfa0-aa258bd18e76', 'f45ef247-e76c-45b5-85ae-163ca4e65316', 'description7',
        'recommendations7', null, null, null);
INSERT INTO doctors_calendars (uuid, created_by, updated_by, user_uuid, start_time, end_time, appointment)
VALUES ('ef40a883-8c00-421d-bf98-8a1f469beaa1', 'd0bcb328-c89d-4cf5-add9-61bab97124f8',
        'd0bcb328-c89d-4cf5-add9-61bab97124f8', '3d58a2ae-a2fa-44d6-bfa0-aa258bd18e76',
        DATEADD('DAY', 0, DATEADD('HOUR', 12, DATEADD('MINUTE', 0, CURRENT_DATE))),
        DATEADD('DAY', 0, DATEADD('HOUR', 12, DATEADD('MINUTE', 30, CURRENT_DATE))),
        'c50fc149-83de-401d-ba45-15497de8bb20'),
       ('eb68b85c-9019-4dec-8e81-3d0e23bc64d0', 'd0bcb328-c89d-4cf5-add9-61bab97124f8',
        'd0bcb328-c89d-4cf5-add9-61bab97124f8', '3d58a2ae-a2fa-44d6-bfa0-aa258bd18e76',
        DATEADD('DAY', 0, DATEADD('HOUR', 12, DATEADD('MINUTE', 30, CURRENT_DATE))),
        DATEADD('DAY', 0, DATEADD('HOUR', 13, DATEADD('MINUTE', 0, CURRENT_DATE))), null),
       ('968568de-9f01-46d3-a316-3b244a2cfe5c', 'd0bcb328-c89d-4cf5-add9-61bab97124f8',
        'd0bcb328-c89d-4cf5-add9-61bab97124f8', '3d58a2ae-a2fa-44d6-bfa0-aa258bd18e76',
        DATEADD('DAY', 0, DATEADD('HOUR', 13, DATEADD('MINUTE', 0, CURRENT_DATE))),
        DATEADD('DAY', 0, DATEADD('HOUR', 13, DATEADD('MINUTE', 30, CURRENT_DATE))),
        'a97cd9df-1bd0-44b9-917b-ac58ad9be46b'),
       ('3adcad2d-cca9-49f4-8046-d2eaf9c3170b', 'd0bcb328-c89d-4cf5-add9-61bab97124f8',
        'd0bcb328-c89d-4cf5-add9-61bab97124f8', '3d58a2ae-a2fa-44d6-bfa0-aa258bd18e76',
        DATEADD('DAY', 0, DATEADD('HOUR', 13, DATEADD('MINUTE', 30, CURRENT_DATE))),
        DATEADD('DAY', 0, DATEADD('HOUR', 14, DATEADD('MINUTE', 0, CURRENT_DATE))), null),
       ('618511cc-9836-412b-98b1-f849721f2fe3', 'd0bcb328-c89d-4cf5-add9-61bab97124f8',
        'd0bcb328-c89d-4cf5-add9-61bab97124f8', '3d58a2ae-a2fa-44d6-bfa0-aa258bd18e76',
        DATEADD('DAY', 0, DATEADD('HOUR', 14, DATEADD('MINUTE', 0, CURRENT_DATE))),
        DATEADD('DAY', 0, DATEADD('HOUR', 14, DATEADD('MINUTE', 30, CURRENT_DATE))), null),
       ('f50d2e55-ed2c-4fdd-9b5f-c054a072305d', 'd0bcb328-c89d-4cf5-add9-61bab97124f8',
        'd0bcb328-c89d-4cf5-add9-61bab97124f8', '3d58a2ae-a2fa-44d6-bfa0-aa258bd18e76',
        DATEADD('DAY', 0, DATEADD('HOUR', 14, DATEADD('MINUTE', 30, CURRENT_DATE))),
        DATEADD('DAY', 0, DATEADD('HOUR', 15, DATEADD('MINUTE', 0, CURRENT_DATE))), null),
       ('38167fa3-5cde-439d-964e-bd6934321078', 'd0bcb328-c89d-4cf5-add9-61bab97124f8',
        'd0bcb328-c89d-4cf5-add9-61bab97124f8', '3d58a2ae-a2fa-44d6-bfa0-aa258bd18e76',
        DATEADD('DAY', 0, DATEADD('HOUR', 15, DATEADD('MINUTE', 0, CURRENT_DATE))),
        DATEADD('DAY', 0, DATEADD('HOUR', 15, DATEADD('MINUTE', 30, CURRENT_DATE))),
        '7024de11-7efc-4bb4-8655-3103762bbc5a'),
       ('2230d53a-abcb-4571-be1a-7e37b61a8526', 'd0bcb328-c89d-4cf5-add9-61bab97124f8',
        'd0bcb328-c89d-4cf5-add9-61bab97124f8', '3d58a2ae-a2fa-44d6-bfa0-aa258bd18e76',
        DATEADD('DAY', 0, DATEADD('HOUR', 15, DATEADD('MINUTE', 30, CURRENT_DATE))),
        DATEADD('DAY', 0, DATEADD('HOUR', 16, DATEADD('MINUTE', 0, CURRENT_DATE))), null),
       ('ec16fb5b-34ba-4260-a8b5-090856300914', 'd0bcb328-c89d-4cf5-add9-61bab97124f8',
        'd0bcb328-c89d-4cf5-add9-61bab97124f8', '3d58a2ae-a2fa-44d6-bfa0-aa258bd18e76',
        DATEADD('DAY', 0, DATEADD('HOUR', 16, DATEADD('MINUTE', 0, CURRENT_DATE))),
        DATEADD('DAY', 0, DATEADD('HOUR', 16, DATEADD('MINUTE', 30, CURRENT_DATE))), null),
       ('34cacdad-ab7e-4f61-85a7-d48beaec8736', 'd0bcb328-c89d-4cf5-add9-61bab97124f8',
        'd0bcb328-c89d-4cf5-add9-61bab97124f8', '3d58a2ae-a2fa-44d6-bfa0-aa258bd18e76',
        DATEADD('DAY', 0, DATEADD('HOUR', 16, DATEADD('MINUTE', 30, CURRENT_DATE))),
        DATEADD('DAY', 0, DATEADD('HOUR', 17, DATEADD('MINUTE', 0, CURRENT_DATE))), null),
       ('0f797d32-59fe-4943-8f72-2041ce57bbcd', 'd0bcb328-c89d-4cf5-add9-61bab97124f8',
        'd0bcb328-c89d-4cf5-add9-61bab97124f8', '3d58a2ae-a2fa-44d6-bfa0-aa258bd18e76',
        DATEADD('DAY', 1, DATEADD('HOUR', 10, DATEADD('MINUTE', 0, CURRENT_DATE))),
        DATEADD('DAY', 1, DATEADD('HOUR', 10, DATEADD('MINUTE', 30, CURRENT_DATE))), null),
       ('151d9da6-408e-4eb3-931c-51ec8c8a282a', 'd0bcb328-c89d-4cf5-add9-61bab97124f8',
        'd0bcb328-c89d-4cf5-add9-61bab97124f8', '3d58a2ae-a2fa-44d6-bfa0-aa258bd18e76',
        DATEADD('DAY', 1, DATEADD('HOUR', 10, DATEADD('MINUTE', 30, CURRENT_DATE))),
        DATEADD('DAY', 1, DATEADD('HOUR', 11, DATEADD('MINUTE', 0, CURRENT_DATE))),
        'aedf0f6d-20be-487d-9725-bf091ff2bf6a'),
       ('5f7e6100-0a28-4fbe-a5dc-faf507eb57a9', 'd0bcb328-c89d-4cf5-add9-61bab97124f8',
        'd0bcb328-c89d-4cf5-add9-61bab97124f8', '3d58a2ae-a2fa-44d6-bfa0-aa258bd18e76',
        DATEADD('DAY', 1, DATEADD('HOUR', 11, DATEADD('MINUTE', 0, CURRENT_DATE))),
        DATEADD('DAY', 1, DATEADD('HOUR', 11, DATEADD('MINUTE', 30, CURRENT_DATE))), null),
       ('a76852f4-075f-4b4d-820c-536292097a42', 'd0bcb328-c89d-4cf5-add9-61bab97124f8',
        'd0bcb328-c89d-4cf5-add9-61bab97124f8', '3d58a2ae-a2fa-44d6-bfa0-aa258bd18e76',
        DATEADD('DAY', 1, DATEADD('HOUR', 11, DATEADD('MINUTE', 30, CURRENT_DATE))),
        DATEADD('DAY', 1, DATEADD('HOUR', 12, DATEADD('MINUTE', 0, CURRENT_DATE))), null),
       ('49719ccb-33d5-4ff4-8989-5a5b2348022c', 'd0bcb328-c89d-4cf5-add9-61bab97124f8',
        'd0bcb328-c89d-4cf5-add9-61bab97124f8', '3d58a2ae-a2fa-44d6-bfa0-aa258bd18e76',
        DATEADD('DAY', 1, DATEADD('HOUR', 12, DATEADD('MINUTE', 0, CURRENT_DATE))),
        DATEADD('DAY', 1, DATEADD('HOUR', 12, DATEADD('MINUTE', 30, CURRENT_DATE))), null),
       ('1d0c0f27-5227-43ae-888f-6deb1c5d0163', 'd0bcb328-c89d-4cf5-add9-61bab97124f8',
        'd0bcb328-c89d-4cf5-add9-61bab97124f8', '3d58a2ae-a2fa-44d6-bfa0-aa258bd18e76',
        DATEADD('DAY', 1, DATEADD('HOUR', 12, DATEADD('MINUTE', 30, CURRENT_DATE))),
        DATEADD('DAY', 1, DATEADD('HOUR', 13, DATEADD('MINUTE', 0, CURRENT_DATE))), null),
       ('e2fc9c88-4135-43f6-bf72-656c4631f330', 'd0bcb328-c89d-4cf5-add9-61bab97124f8',
        'd0bcb328-c89d-4cf5-add9-61bab97124f8', '3d58a2ae-a2fa-44d6-bfa0-aa258bd18e76',
        DATEADD('DAY', 2, DATEADD('HOUR', 12, DATEADD('MINUTE', 0, CURRENT_DATE))),
        DATEADD('DAY', 2, DATEADD('HOUR', 12, DATEADD('MINUTE', 30, CURRENT_DATE))),
        '8b84920a-64ab-49ab-b661-4436f349a244'),
       ('a7cce145-a75b-47b8-b598-703db2cf4257', 'd0bcb328-c89d-4cf5-add9-61bab97124f8',
        'd0bcb328-c89d-4cf5-add9-61bab97124f8', '3d58a2ae-a2fa-44d6-bfa0-aa258bd18e76',
        DATEADD('DAY', 2, DATEADD('HOUR', 12, DATEADD('MINUTE', 30, CURRENT_DATE))),
        DATEADD('DAY', 2, DATEADD('HOUR', 14, DATEADD('MINUTE', 0, CURRENT_DATE))), null),
       ('714d7c6d-039e-4dfa-b11c-e7bc4bf337b0', 'd0bcb328-c89d-4cf5-add9-61bab97124f8',
        'd0bcb328-c89d-4cf5-add9-61bab97124f8', '3d58a2ae-a2fa-44d6-bfa0-aa258bd18e76',
        DATEADD('DAY', 2, DATEADD('HOUR', 13, DATEADD('MINUTE', 0, CURRENT_DATE))),
        DATEADD('DAY', 2, DATEADD('HOUR', 13, DATEADD('MINUTE', 30, CURRENT_DATE))), null),
       ('4081445b-7c52-418d-b4c3-2456f9c9b839', 'd0bcb328-c89d-4cf5-add9-61bab97124f8',
        'd0bcb328-c89d-4cf5-add9-61bab97124f8', '3d58a2ae-a2fa-44d6-bfa0-aa258bd18e76',
        DATEADD('DAY', 2, DATEADD('HOUR', 13, DATEADD('MINUTE', 30, CURRENT_DATE))),
        DATEADD('DAY', 2, DATEADD('HOUR', 14, DATEADD('MINUTE', 0, CURRENT_DATE))), null),
       ('484d1e71-ef96-4489-8a12-83aeea979530', 'd0bcb328-c89d-4cf5-add9-61bab97124f8',
        'd0bcb328-c89d-4cf5-add9-61bab97124f8', '3d58a2ae-a2fa-44d6-bfa0-aa258bd18e76',
        DATEADD('DAY', 2, DATEADD('HOUR', 14, DATEADD('MINUTE', 0, CURRENT_DATE))),
        DATEADD('DAY', 2, DATEADD('HOUR', 14, DATEADD('MINUTE', 30, CURRENT_DATE))),
        'b8b3d6a6-da48-4371-8307-f2790b2e1bdc'),
       ('7fbc7d62-87db-412b-a15a-138f9f2abee0', 'd0bcb328-c89d-4cf5-add9-61bab97124f8',
        'd0bcb328-c89d-4cf5-add9-61bab97124f8', '3d58a2ae-a2fa-44d6-bfa0-aa258bd18e76',
        DATEADD('DAY', 2, DATEADD('HOUR', 14, DATEADD('MINUTE', 30, CURRENT_DATE))),
        DATEADD('DAY', 2, DATEADD('HOUR', 15, DATEADD('MINUTE', 0, CURRENT_DATE))), null),
       ('9311a25f-2fa0-4211-9dc1-00ff4a6e6cb8', 'd0bcb328-c89d-4cf5-add9-61bab97124f8',
        'd0bcb328-c89d-4cf5-add9-61bab97124f8', '3d58a2ae-a2fa-44d6-bfa0-aa258bd18e76',
        DATEADD('DAY', 2, DATEADD('HOUR', 15, DATEADD('MINUTE', 0, CURRENT_DATE))),
        DATEADD('DAY', 2, DATEADD('HOUR', 15, DATEADD('MINUTE', 30, CURRENT_DATE))),
        '225453a0-03e2-4dc4-99b9-49d73daae199'),
       ('966e7bee-4361-41c8-9997-650f0531555d', 'd0bcb328-c89d-4cf5-add9-61bab97124f8',
        'd0bcb328-c89d-4cf5-add9-61bab97124f8', '3d58a2ae-a2fa-44d6-bfa0-aa258bd18e76',
        DATEADD('DAY', 2, DATEADD('HOUR', 15, DATEADD('MINUTE', 30, CURRENT_DATE))),
        DATEADD('DAY', 2, DATEADD('HOUR', 16, DATEADD('MINUTE', 0, CURRENT_DATE))), null),
       ('b8f09130-c5dc-4b0c-9433-9318d65f44c4', 'd0bcb328-c89d-4cf5-add9-61bab97124f8',
        'd0bcb328-c89d-4cf5-add9-61bab97124f8', '3d58a2ae-a2fa-44d6-bfa0-aa258bd18e76',
        DATEADD('DAY', 3, DATEADD('HOUR', 13, DATEADD('MINUTE', 0, CURRENT_DATE))),
        DATEADD('DAY', 3, DATEADD('HOUR', 13, DATEADD('MINUTE', 30, CURRENT_DATE))), null);
INSERT INTO disease_types (uuid, created_by, updated_by, code, description)
VALUES ('5f4e17c5-2f7d-4cf9-ba59-31ca9254c35f', 'd0bcb328-c89d-4cf5-add9-61bab97124f8',
        'd0bcb328-c89d-4cf5-add9-61bab97124f8', '002', 'Choroby układu oddechowego'),
       ('fcd93fe0-d14b-40bb-b6e1-e633a2e1ee89', 'd0bcb328-c89d-4cf5-add9-61bab97124f8',
        'd0bcb328-c89d-4cf5-add9-61bab97124f8', '006', 'Choroby układu sercowo-naczyniowego'),
       ('956c7067-71a2-44db-a79a-aa0d6a88204b', 'd0bcb328-c89d-4cf5-add9-61bab97124f8',
        'd0bcb328-c89d-4cf5-add9-61bab97124f8', '013', 'Choroby umysłowe'),
       ('c6a3c1d2-b5d8-423a-a30e-8aef329a8c1b', 'd0bcb328-c89d-4cf5-add9-61bab97124f8',
        'd0bcb328-c89d-4cf5-add9-61bab97124f8', '019', 'Schorzenia neurologiczne'),
       ('511adfe0-b381-11ed-afa1-0242ac120002', 'd0bcb328-c89d-4cf5-add9-61bab97124f8',
        'd0bcb328-c89d-4cf5-add9-61bab97124f8', '101', 'Schorzenia niezdiagnozowane, hipochondryczne'),
       ('abb49180-b381-11ed-afa1-0242ac120002', 'd0bcb328-c89d-4cf5-add9-61bab97124f8',
        'd0bcb328-c89d-4cf5-add9-61bab97124f8', '001', 'Choroby kręgosłupa'),
       ('b008056e-b381-11ed-afa1-0242ac120002', 'd0bcb328-c89d-4cf5-add9-61bab97124f8',
        'd0bcb328-c89d-4cf5-add9-61bab97124f8', '055', 'Choroby układu pokarmowego'),
       ('c4d405ec-b381-11ed-afa1-0242ac120002', 'd0bcb328-c89d-4cf5-add9-61bab97124f8',
        'd0bcb328-c89d-4cf5-add9-61bab97124f8', '022', 'Przedawkowanie środków psychoaktywnych'),
       ('cb987e1c-b381-11ed-afa1-0242ac120002', 'd0bcb328-c89d-4cf5-add9-61bab97124f8',
        'd0bcb328-c89d-4cf5-add9-61bab97124f8', '031', 'Schorzenia psychologiczne'),
       ('d7b601ec-b381-11ed-afa1-0242ac120002', 'd0bcb328-c89d-4cf5-add9-61bab97124f8',
        'd0bcb328-c89d-4cf5-add9-61bab97124f8', '093', 'Choroby ogólne dróg oddechowych');
INSERT INTO referrals (uuid, locality, referral_date, clinic_name, patient_full_name, patient_age, patient_address,
                       patient_pesel, patient_phone, diagnosis, disease_type, purpose, examinations_performed)
VALUES ('75e42b02-b371-11ed-afa1-0242ac120002', 'Zamość', '2023-02-19', 'Zamojskie Centrum Zdrowia', 'Stefan Chorowity',
        45, 'Zielona 12, 22-405 Zamość', '00000005001', '600 700 800', 'Objawy przeziębienia lub grypy, wskazane badanie
        górnych dróg oddechowych, pacjent skarży się, że choruje bardzo często', '5f4e17c5-2f7d-4cf9-ba59-31ca9254c35f',
        'Nawracające infekcje', 'brak'),
       ('cef821b8-7efc-483b-ae00-3745ba70453d', 'Zamość', '2023-02-19', 'Zamojskie Centrum Zdrowia', 'Marian Chorowity',
        77, 'Zielona 14, 22-405 Zamość', '02300005001', '600 700 900', 'Pacjent skarży się na bóle w klatce, wskazane
        badanie ekg', 'fcd93fe0-d14b-40bb-b6e1-e633a2e1ee89', 'Badania pod kątem miażdzycy', 'badanie płuc 12.2022'),
       ('3cbf3d76-3ff7-4c2a-928a-17f7eed9053a', 'Wrocław', '2023-01-31', 'Wrocławskie Centrum Zdrowia', 'Jan Pękalski',
        23, 'Strachowo 12, k. Wrocławia', '11000005001', '200 700 800', 'Objawy lękowe, pacjent skierowany do naszej
        placówki w Zamościu', '956c7067-71a2-44db-a79a-aa0d6a88204b', 'Badanie psychiatryczne', 'RTG klatki piersiowej,
        pantomogram na pocz. 2023'),
       ('f0446cb7-10ae-4359-b75b-c5eb1ec2e8a6', 'Wrocław', '2023-02-18', 'Wrocławskie Centrum Zdrowia', 'Alina Głowonóg',
        42, 'Zielona 19, 50-433 Wrocław', '00032005001', '600 230 800', 'Częste bóle głowy o podłożu migrenowym, wyniki
        tomografii w normie, zalecane dalsze badania', 'c6a3c1d2-b5d8-423a-a30e-8aef329a8c1b', 'Rezonans, kontynuacja
        badań głowy', 'tomografia głowy 11.2021'),
       ('45b5a090-b381-11ed-afa1-0242ac120002', 'Wrocław', '2023-02-10', 'Wrocławskie Centrum Zdrowia', 'Joanna Hipo',
        82, 'Despotyczna 35, 50-403 Wrocław', '00400005001', 'brak', 'Pacjentka z chorobą Alzheimera, zasadniczo
        przyszła tylko z kimś porozmawiać, przepisałam witaminy, zaniepokoiła mnie wada postawy, na wszelki wypadek RTG
        kręgosłupa', '511adfe0-b381-11ed-afa1-0242ac120002', 'Diagnoza prawdopodobnych zmian reumatycznych', 'brak'),
       ('eee557d2-b381-11ed-afa1-0242ac120002', 'Gdynia', '2023-02-11', 'Gdyńskie Centrum Zdrowia', 'Usama ibn Halif',
        55, 'Morska 3, 81-222 Gdynia', '00003005001', '600 700 333', 'Ból kręgosłupa lędźwiowego, wyniki RTG wskazują na
        zaawansowaną lordozę, konieczne dalsze badania', 'abb49180-b381-11ed-afa1-0242ac120002', 'Choroby kręgosłupa,
        zalecane badania nuklearne', 'RTG kręgosłupa'),
       ('f30f699c-b381-11ed-afa1-0242ac120002', 'Gdynia', '2023-02-22', 'Gdyńskie Centrum Zdrowia', 'Anna Zdybna',
        35, 'Leśna 12c, 81-205 Gdynia', '00100005001', '100 700 800', 'Objawy zatrucia, kieruję pacjentkę do pobliskiego
        szpitala', 'b008056e-b381-11ed-afa1-0242ac120002','Komplikacje gastrologiczne, konieczny "japoniec"', 'brak'),
       ('f706160e-b381-11ed-afa1-0242ac120002', 'Gdynia', '2023-02-25', 'Gdyńskie Centrum Zdrowia', 'Stefania Niebrała',
        25, 'Krzaczasta 55 , 81-200 Gdynia', '14000005001', '600 700 000', 'Objawy przedawkowania środków
        psychoaktywnych, pacjentka nie przyznaje się co brała, zawiadomione służby, wystawiłem skierowanie do szpitala',
        'c4d405ec-b381-11ed-afa1-0242ac120002', 'Podejrzenie przedawkowania, możliwe schorzenia onkologiczne,
        podejrzenie depresji', 'biopsja miesiąc temu, pacjentka nie podała szczegółów'),
       ('fb336722-b381-11ed-afa1-0242ac120002', 'Tomaszów Mazowiecki', '2023-02-26', 'Tomaszowskie Centrum Zdrowia',
        'Stefan Ojej', 60, 'Wesoła 6, 97-204 Tomaszów Mazowiecki', '20034005001', '222 700 800', 'Sam nie wie co mu
        jest, słabo mu i źle na duszy, stan ogólny dobry, medycznych objawów brak, na kontrolę za tydzień',
        'cb987e1c-b381-11ed-afa1-0242ac120002', 'Konsultacja psychologiczna', 'brak'),
       ('00b91e26-b382-11ed-afa1-0242ac120002', 'Tomaszów Mazowiecki', '2023-02-26', 'Tomaszowskie Centrum Zdrowia',
        'Janina Cudowna', 45, 'Piękna 2/3, 97-199 Tomaszów Mazowiecki', '00000665001', '620 700 800', 'Objawy
        przeziębienia lub grypy, wskazane prześwietlenie płuc','d7b601ec-b381-11ed-afa1-0242ac120002', 'Podejrzenie
        początkowej fazy zapalenia płuc', 'USG barku 01.2023, USG kolana 10.2022, USG szyi 05.2022');
UPDATE users SET clinic_uuid = '45e6da6d-c858-4ee9-a535-e5b4f50b6e54' WHERE uuid = '0f751493-b9b8-4a2f-91b1-6241fce07d2c';
UPDATE users SET clinic_uuid = '45e6da6d-c858-4ee9-a535-e5b4f50b6e54' WHERE uuid = '3d58a2ae-a2fa-44d6-bfa0-aa258bd18e76';
UPDATE users SET clinic_uuid = '45e6da6d-c858-4ee9-a535-e5b4f50b6e54' WHERE uuid = 'df1d6dfb-9ecf-4923-9557-a240c30f23ec';
UPDATE users SET clinic_uuid = '45e6da6d-c858-4ee9-a535-e5b4f50b6e54' WHERE uuid = 'c94706ea-7e26-4b1f-a8f8-d5bb4f9b3806';
UPDATE users SET clinic_uuid = 'f45ef247-e76c-45b5-85ae-163ca4e65316' WHERE uuid = 'ef0b6201-9438-4bc3-85ee-98650bae0a6f';
UPDATE users SET clinic_uuid = 'c9c138b1-d73b-4528-a628-dcc52d43435d' WHERE uuid = 'b9e579d3-0ed5-4f87-851c-9cffe9d061be';
UPDATE users SET clinic_uuid = '587c048e-060c-479c-94a1-8d65ae63b369' WHERE uuid = '9ea26d96-63e3-4b60-a8ec-47f030fbd9bc';
UPDATE users SET clinic_uuid = 'f45ef247-e76c-45b5-85ae-163ca4e65316' WHERE uuid = '2283a593-3a68-4585-82b0-f1ad9b5e7a6b';
UPDATE users SET clinic_uuid = 'f45ef247-e76c-45b5-85ae-163ca4e65316' WHERE uuid = '52ae8477-3f9d-4351-aa6a-ff84badfdd04';
UPDATE users SET clinic_uuid = 'c9c138b1-d73b-4528-a628-dcc52d43435d' WHERE uuid = 'e29ff1a2-26a7-4897-bede-69622d5cfe5e';
UPDATE users SET clinic_uuid = 'c9c138b1-d73b-4528-a628-dcc52d43435d' WHERE uuid = 'f4bc75ab-cac7-4e48-8a6c-6099d33cef9c';
UPDATE users SET clinic_uuid = 'c9c138b1-d73b-4528-a628-dcc52d43435d' WHERE uuid = '97ecdf66-112d-4243-b93f-0e33fae20d30';
UPDATE users SET clinic_uuid = '587c048e-060c-479c-94a1-8d65ae63b369' WHERE uuid = 'e552148d-84a4-43cb-812e-d8913c857e91';
UPDATE users SET clinic_uuid = '587c048e-060c-479c-94a1-8d65ae63b369' WHERE uuid = 'be05bade-dab5-493d-add0-9c71ed75441e';
UPDATE users SET clinic_uuid = '587c048e-060c-479c-94a1-8d65ae63b369' WHERE uuid = '04980481-c840-4ec2-aeca-d2c06014b65c';
UPDATE users SET clinic_uuid = '587c048e-060c-479c-94a1-8d65ae63b369' WHERE uuid = '6f4a3f7e-136a-42b2-ac98-b821c29443bf';